feature,importance,std
enforcement_mode,0.3732995409452081,0.34215237289789635
pcr,0.3590199493180652,0.36781615977385684
dvl,0.12746797801140175,0.19748659607163363
vuln_count_30d,0.10422854436935745,0.1788059256811021
policy_age_days,0.025852327501157134,0.007511301136329446
scope_level,0.010131659854810335,0.019705071631250664
resource_type_flag,0.0,0.0
